tag,n_bf16,n_nvfp4,bf16_b1,nvfp4_b1,bf16_b2,nvfp4_b2,bf16_b3,nvfp4_b3,bf16_all,nvfp4_all,ratio_b3,reldiff_b3,bf16_shape,nvfp4_shape,bf16_trend,nvfp4_trend,bf16_std_b3,nvfp4_std_b3
advantage/_max,300,300,2.175031292140484,2.1071033507585524,2.3461124801635744,2.0630278956890105,2.2870400172472,2.2061647778749465,2.269394596517086,2.125432008107503,0.9646375932373938,-0.0353624067626062,2.175->2.346->2.287,2.107->2.063->2.206,1.0514975235121726,1.0470130841378673,0.5645786805332482,0.738560799429964
advantage/_mean,300,300,-4.3888503942213216e-18,-3.261280134836397e-18,-4.839878497975292e-18,-2.931682674400804e-18,-3.452099717193846e-18,-3.816391647148976e-18,-4.22694286979682e-18,-3.336451485462059e-18,1.105527638190955,-0.09545454545454553,-4.389e-18->-4.84e-18->-3.452e-18,-3.261e-18->-2.932e-18->-3.816e-18,0.7865612648221344,1.170212765957447,7.487477281991804e-18,5.2845041577819704e-18
advantage/_min,300,300,-1.0930762314796447,-0.726197921037674,-1.315989102125168,-0.9252945777773857,-1.7233343908190728,-0.8832301008701324,-1.3774665748079618,-0.8449075332283974,0.5125123165738876,0.4874876834261124,-1.093->-1.316->-1.723,-0.7262->-0.9253->-0.8832,1.5765912213517606,1.2162388176601677,0.7686747012372679,0.542124961646255
advantage/_std,300,300,0.5821588987112045,0.4983483868837357,0.6735449227690696,0.5057865464687348,0.7017007386684417,0.5188892251253128,0.6524681867162386,0.5076747194925944,0.7394736766416479,-0.2605263233583521,0.5822->0.6735->0.7017,0.4983->0.5058->0.5189,1.2053422875127073,1.0412178282948255,0.1229372286180348,0.1823524838195099
advantage/_sum,300,300,-2.808864252301646e-16,-2.0872192862952942e-16,-3.097522238704187e-16,-1.8762769116165145e-16,-2.2093438190040615e-16,-2.4424906541753446e-16,-2.7052434366699646e-16,-2.1353289506957178e-16,1.105527638190955,-0.09545454545454553,-2.809e-16->-3.098e-16->-2.209e-16,-2.087e-16->-1.876e-16->-2.442e-16,0.7865612648221344,1.170212765957447,4.791985460474755e-16,3.382082660980461e-16
bit_wise/logprob_diff/max,300,300,1.0445457255840302,3.5856529796123504,1.2346784263849258,3.710296597480774,1.1164092254638671,3.8722074115276337,1.1318777924776078,3.722718996206919,3.468448059374227,0.7116866152003387,1.045->1.235->1.116,3.586->3.71->3.872,1.068798807098326,1.0799169449873152,0.672516579157521,3.7167512498841484
bit_wise/logprob_diff/mean,300,300,-0.0006802429299568758,-0.0029202277876902373,-0.0006646763536264188,-0.002897817410994321,-0.0006835716913337819,-0.0029138003406114876,-0.0006761636583056922,-0.0029106151797653485,4.262611189948627,-0.7654020140617019,-0.0006802->-0.0006647->-0.0006836,-0.00292->-0.002898->-0.002914,1.0048934891203016,0.9977989911931379,0.00015567805088580815,0.0006308323679152005
bit_wise/ratio_tokens_different/mean,300,300,0.5269394022226334,0.56967365026474,0.5302338242530823,0.5722120019793511,0.5419382095336914,0.579712620973587,0.5330371453364691,0.5738660910725594,1.0697024324459397,0.06516058142128435,0.5269->0.5302->0.5419,0.5697->0.5722->0.5797,1.0284640079063987,1.0176223188560356,0.04481780569381676,0.04514861878263464
generator/decode_time_ms/max,300,300,357878.1965625,550532.5203125,375474.034375,547861.725,357442.695,587776.080625,363598.30864583334,562056.7753125,1.6443924826187872,0.3918726760369009,3.579e+05->3.755e+05->3.574e+05,5.505e+05->5.479e+05->5.878e+05,0.9987831011593244,1.0676500641440025,14560.881877946746,61806.02835937895
generator/decode_time_ms/mean,300,300,247990.91328125,378134.4909375,258332.81703125,373041.7175,250653.7628125,407852.6146875,252325.83104166668,386342.94104166667,1.627155364081215,0.38543053596811444,2.48e+05->2.583e+05->2.507e+05,3.781e+05->3.73e+05->4.079e+05,1.0107376899258806,1.0785914124795135,33446.72814469903,68580.90208046218
generator/inflight_requests_at_completion/max,300,300,64.0,64.0,64.0,64.0,64.0,64.0,64.0,64.0,1.0,0.0,64->64->64,64->64->64,1.0,1.0,0.0,0.0
generator/inflight_requests_at_completion/mean,300,300,32.5,32.5,32.5,32.5,32.5,32.5,32.5,32.5,1.0,0.0,32.5->32.5->32.5,32.5->32.5->32.5,1.0,1.0,0.0,0.0
generator/inter_token_latency_ms/max,300,300,179.31149551391601,274.43887130737306,187.73190658569337,272.93367767333984,179.67007995605468,297.06094284057616,182.23782735188803,281.47783060709634,1.6533690134341454,0.39517434288735054,179.3->187.7->179.7,274.4->272.9->297.1,1.00199978501719,1.0824302746379766,10.558566065388728,35.08001733244549
generator/inter_token_latency_ms/mean,300,300,174.8874981689453,269.2260530090332,183.22578918457032,267.76633911132814,174.6847917175293,287.2077090454102,177.5993596903483,274.73336705525713,1.6441483326713062,0.3917823713780955,174.9->183.2->174.7,269.2->267.8->287.2,0.9988409322933981,1.0667901781250482,7.674319059602884,30.700876831167328
generator/num_cached_tokens/max,300,300,253.28,253.28,258.88,258.88,249.92,249.92,254.02666666666667,254.02666666666667,1.0,0.0,253.3->258.9->249.9,253.3->258.9->249.9,0.9867340492735313,0.9867340492735313,101.23790594436454,101.23790594436454
generator/num_cached_tokens/mean,300,300,118.705,118.705,117.26,117.26,118.995,118.995,118.32,118.32,1.0,0.0,118.7->117.3->119,118.7->117.3->119,1.0024430310433428,1.0024430310433428,17.548147338109512,17.548147338109512
generator/prefill_time_ms/max,300,300,518.3897341918945,802.1204602050781,541.5636352539062,810.6766442871094,445.8976861572266,733.6380615234375,501.9503518676758,782.1450553385416,1.6453058275452717,0.3922102606954485,518.4->541.6->445.9,802.1->810.7->733.6,0.8601591751278137,0.914623299019038,851.972710085264,1100.8610021137256
generator/prefill_time_ms/mean,300,300,381.131337890625,727.7514892578125,517.4113052368164,798.6870581054687,437.7721258544922,665.9186108398437,445.4382563273112,730.7857194010417,1.5211535214582927,0.34260415803309296,381.1->517.4->437.8,727.8->798.7->665.9,1.1486122560200538,0.9150357239652945,851.9643388207023,846.0411641430791
generator/queue_time_ms/max,300,300,2.023384051322937,7.242647297382355,8.258464385271072,11.5998845410347,5.346088380813598,4.2187979531288144,5.2093122724692025,7.687109930515289,0.7891373379215952,-0.21086266207840476,2.023->8.258->5.346,7.243->11.6->4.219,2.642152080480321,0.582493911398057,6.973231169376184,6.710274554445548
generator/queue_time_ms/mean,300,300,0.8893159127235413,2.4444760632514955,3.344353017807007,4.400986708402634,2.7771620082855226,2.077379125356674,2.3369436462720237,2.9742806323369346,0.7480223044816681,-0.25197769551833193,0.8893->3.344->2.777,2.444->4.401->2.077,3.1228070571462383,0.849825922448784,3.3930194165479026,3.167524668593874
generator/time_to_first_token_ms/max,300,300,521.0578756713867,806.6500952148438,544.7082305908203,815.3368133544922,449.3102590942383,737.4566430664063,505.0254551188151,786.4811838785807,1.641308267817077,0.3907299319645848,521.1->544.7->449.3,806.7->815.3->737.5,0.8623039398748151,0.9142212310406925,859.13644343568,1106.8617264369664
generator/time_to_first_token_ms/mean,300,300,382.7519140625,732.2065103149414,523.0705368041993,805.9076843261719,443.1687359619141,670.0266171264649,449.6637289428711,736.0469372558593,1.5118995604961785,0.33858040168235926,382.8->523.1->443.2,732.2->805.9->670,1.1578485167014698,0.9150787485326629,858.8663722705021,852.2967212153383
loss/generator_logprob_nan_frac,300,300,0.0,0.0,0.0,0.0,0.0,0.0,0.0,0.0,nan,0.0,0->0->0,0->0->0,nan,nan,0.0,0.0
loss/mean,300,300,0.00709805628284812,0.008944310361985118,0.01318443864583969,0.005158860487863421,0.019243302315007895,0.007047765736933798,0.013175265747898568,0.0070503121955941125,0.3662451289058235,-0.6337548710941765,0.007098->0.01318->0.01924,0.008944->0.005159->0.007048,2.7110664593499747,0.7879607763710922,0.026023860470776018,0.015783318298308844
loss/ratio_clipped_frac,300,300,0.0033710548328235745,0.020710236616432665,0.0033118461049161853,0.020476521337404848,0.0031953850155696274,0.02051726237870753,0.0032927619844364624,0.020568006777515014,6.420904610473053,0.844258704860852,0.003371->0.003312->0.003195,0.02071->0.02048->0.02052,0.9478887689563901,0.9906821809282459,0.0005025590478340908,0.0028154980328895817
loss/ratio_mean,300,300,0.9998183995485306,0.9991573077440262,0.9998332107067108,0.9991404289007186,0.9998080879449844,0.9991278278827668,0.9998198994000753,0.9991418548425038,0.9993196093626169,-0.000680390637383097,0.9998->0.9998->0.9998,0.9992->0.9991->0.9991,0.9999896865235218,0.9999704952753375,0.00013550279660374254,0.0004219325295125002
perf/trainer/step_time_ratio/batch,300,300,0.9447525513172149,0.938625356554985,0.9458487671613693,0.939294456243515,0.9403094357252121,0.9401448404788971,0.9436369180679322,0.9393548844257991,0.9998249562962346,-0.0001750437037654676,0.9448->0.9458->0.9403,0.9386->0.9393->0.9401,0.9952970589115552,1.0016188396289325,0.010604351763864997,0.011383603396022112
perf/trainer/step_time_ratio/blocking_generator_pull_model_state_dict,300,300,2.1508259013813813e-08,1.5902482859431187e-08,2.1262654028575413e-08,1.4283240998835823e-08,3.0283751613069396e-08,1.7210692098146295e-08,2.4351554885152873e-08,1.5798805318804436e-08,0.5683143990230975,-0.43168560097690245,2.151e-08->2.126e-08->3.028e-08,1.59e-08->1.428e-08->1.721e-08,1.4080057150892347,1.0822644646297641,1.19810282711717e-08,6.194376563449184e-09
perf/trainer/step_time_ratio/blocking_trainer_push_model_state_dict,300,300,3.269638272129782e-08,2.5738483131476643e-08,3.6855356757570236e-08,2.2364341631941898e-08,4.824475730913491e-08,2.8825770641560667e-08,3.926549892933432e-08,2.5642865134993067e-08,0.5974902196492684,-0.40250978035073154,3.27e-08->3.686e-08->4.824e-08,2.574e-08->2.236e-08->2.883e-08,1.4755380654909316,1.1199483083099195,1.7522927691289443e-08,1.1773502973833715e-08
perf/trainer/step_time_ratio/fwd_bwd,300,300,0.05524510946124792,0.061372928358614444,0.0541487393528223,0.060703944340348245,0.05968795225024223,0.05985347349196672,0.05636060035477082,0.0606434487303098,1.0027731097396428,0.0027654408686357194,0.05525->0.05415->0.05969,0.06137->0.0607->0.05985,1.0804205626945274,0.9752422622272602,0.010604383557889167,0.011383513875606906
perf/trainer/step_time_ratio/unaccounted,300,300,2.283611843267863e-06,1.6749686290040699e-06,2.434517415395021e-06,1.565792964584034e-06,2.5378294026268122e-06,1.6391294229833876e-06,2.4186528870965657e-06,1.6266303388571638e-06,0.6458784902116691,-0.3541215097883309,2.284e-06->2.435e-06->2.538e-06,1.675e-06->1.566e-06->1.639e-06,1.1113225787948104,0.9786030583498199,5.654411639501832e-07,4.1685647574103997e-07
perf/trainer/tokens_per_second_full_step,300,300,227.5397964477539,149.58923446655274,221.42184310913086,150.60135345458986,237.40008026123047,142.35947120666503,228.78723993937174,147.51668637593588,0.5996605858347454,-0.40033941416525465,227.5->221.4->237.4,149.6->150.6->142.4,1.0433343264229413,0.9516692274970882,30.07722018191982,20.18741371582697
perf/trainer/tokens_per_second_fwd_bwd,300,300,4165.210104980469,2465.549964599609,4134.097890625,2513.8095324707033,4020.55119140625,2405.315440673828,4106.619729003906,2461.55831258138,0.5982551461638104,-0.4017448538361896,4165->4134->4021,2466->2514->2405,0.9652697199113087,0.9755695383218231,331.59876051254867,199.21089620236054
rollout/branches_per_rollout/max,300,300,1.0,1.0,1.0,1.0,1.0,1.0,1.0,1.0,1.0,0.0,1->1->1,1->1->1,1.0,1.0,0.0,0.0
rollout/branches_per_rollout/mean,300,300,1.0,1.0,1.0,1.0,1.0,1.0,1.0,1.0,1.0,0.0,1->1->1,1->1->1,1.0,1.0,0.0,0.0
rollout/max_policy_version/max,300,300,49.5,49.5,149.5,149.5,249.5,249.5,149.5,149.5,1.0,0.0,49.5->149.5->249.5,49.5->149.5->249.5,5.040404040404041,5.040404040404041,28.86607004772212,28.86607004772212
rollout/min_policy_version/min,300,300,49.5,49.5,149.5,149.5,249.5,249.5,149.5,149.5,1.0,0.0,49.5->149.5->249.5,49.5->149.5->249.5,5.040404040404041,5.040404040404041,28.86607004772212,28.86607004772212
rollout/num_turns/max,300,300,1.0,1.0,1.0,1.0,1.0,1.0,1.0,1.0,1.0,0.0,1->1->1,1->1->1,1.0,1.0,0.0,0.0
rollout/num_turns/mean,300,300,1.0,1.0,1.0,1.0,1.0,1.0,1.0,1.0,1.0,0.0,1->1->1,1->1->1,1.0,1.0,0.0,0.0
rollout/output_tokens/max,300,300,2048.0,2048.0,2048.0,2048.0,2048.0,2048.0,2048.0,2048.0,1.0,0.0,2048->2048->2048,2048->2048->2048,1.0,1.0,0.0,0.0
rollout/output_tokens/mean,300,300,1418.9553125,1406.281875,1410.5565625,1394.54375,1436.85046875,1420.75984375,1422.12078125,1407.19515625,0.9888014617039461,-0.011198538296053863,1419->1411->1437,1406->1395->1421,1.0126115009347765,1.0102952110863266,185.1404192369389,182.02829573320238
rollout/output_tokens/std,300,300,553.0763870239258,560.9667080688477,557.8388250732422,562.6317636108398,536.2135906982422,548.4132827758789,549.0429342651368,557.3372514851889,1.0227515532788913,0.022245435077513115,553.1->557.8->536.2,561->562.6->548.4,0.969510908942576,0.977621799810216,86.97507258970776,82.46932688985939
rollout/prompt_length/max,300,300,260.78,260.78,266.72,266.72,258.41,258.41,261.97,261.97,1.0,0.0,260.8->266.7->258.4,260.8->266.7->258.4,0.9909118797453794,0.9909118797453794,101.31614826867433,101.31614826867433
rollout/prompt_length/mean,300,300,157.11125,157.11125,155.46,155.46,157.85625,157.85625,156.80916666666667,156.80916666666667,1.0,0.0,157.1->155.5->157.9,157.1->155.5->157.9,1.0047418628519598,1.0047418628519598,23.243570179460384,23.243570179460384
rollout/response_length/max,300,300,2048.0,2048.0,2048.0,2048.0,2048.0,2048.0,2048.0,2048.0,1.0,0.0,2048->2048->2048,2048->2048->2048,1.0,1.0,0.0,0.0
rollout/response_length/mean,300,300,1418.9553125,1406.281875,1410.5565625,1394.54375,1436.85046875,1420.75984375,1422.12078125,1407.19515625,0.9888014617039461,-0.011198538296053863,1419->1411->1437,1406->1395->1421,1.0126115009347765,1.0102952110863266,185.1404192369389,182.02829573320238
rollout/total_length/max,300,300,2265.81,2269.67,2281.66,2281.55,2288.24,2288.48,2278.57,2279.9,1.0001048841030662,0.00010487310354481423,2266->2282->2288,2270->2282->2288,1.009899329599569,1.0082875484101212,95.07514080978267,95.76872976081494
rollout/total_length/mean,300,300,1576.0665625,1563.393125,1566.0165625,1550.00375,1594.70671875,1578.61609375,1578.9299479166666,1564.0043229166668,0.9899099785491513,-0.010090021450848701,1576->1566->1595,1563->1550->1579,1.011827010796062,1.0097371342540602,192.6704447560526,190.65771634279534
rollout/truncation_rate/mean,300,300,0.33046875,0.33703125,0.3215625,0.31734375,0.33859375,0.33546875,0.3302083333333333,0.3299479166666667,0.9907706506691277,-0.009229349330872305,0.3305->0.3216->0.3386,0.337->0.3173->0.3355,1.024586288416076,0.9953639313861844,0.13587561450528016,0.13028767374424757
rollout_buffer/active_slots_in_use_peak,300,300,8.0,8.0,8.0,8.0,8.0,8.0,8.0,8.0,1.0,0.0,8->8->8,8->8->8,1.0,1.0,0.0,0.0
rollout_buffer/available_active_slots,300,300,0.0,0.0,0.0,0.0,0.0,0.0,0.0,0.0,nan,0.0,0->0->0,0->0->0,nan,nan,0.0,0.0
rollout_buffer/num_groups_finalized,300,300,0.0,0.0,0.0,0.0,0.0,0.0,0.0,0.0,nan,0.0,0->0->0,0->0->0,nan,nan,0.0,0.0
rollout_buffer/num_groups_inflight,300,300,0.0,0.0,0.0,0.0,0.0,0.0,0.0,0.0,nan,0.0,0->0->0,0->0->0,nan,nan,0.0,0.0
rollout_buffer/num_groups_waiting,300,300,0.0,0.0,0.0,0.0,0.0,0.0,0.0,0.0,nan,0.0,0->0->0,0->0->0,nan,nan,0.0,0.0
rollout_reward/_max,300,300,0.98,0.93,1.0,0.94,1.0,0.95,0.9933333333333333,0.94,0.95,-0.050000000000000044,0.98->1->1,0.93->0.94->0.95,1.0204081632653061,1.021505376344086,0.0,0.21794494717703372
rollout_reward/_mean,300,300,0.12171875,0.07734375,0.18484375,0.09375,0.251875,0.0921875,0.18614583333333334,0.08776041666666666,0.36600496277915634,-0.6339950372208437,0.1217->0.1848->0.2519,0.07734->0.09375->0.09219,2.0693196405648266,1.191919191919192,0.11759886133589899,0.06586637158861873
rollout_reward/_min,300,300,0.0,0.0,0.0,0.0,0.0,0.0,0.0,0.0,nan,0.0,0->0->0,0->0->0,nan,nan,0.0,0.0
rollout_reward/_std,300,300,0.30280133306980134,0.24054289668798445,0.3676429551839828,0.26147470116615296,0.4102677057683468,0.26231995835900307,0.36023733134071034,0.25477918540438016,0.6393872943709569,-0.3606127056290432,0.3028->0.3676->0.4103,0.2405->0.2615->0.2623,1.3549071980927259,1.0905329651004674,0.07927739245232303,0.10265878598005133
rollout_reward/_sum,300,300,7.79,4.95,11.83,6.0,16.12,5.9,11.913333333333334,5.616666666666666,0.36600496277915634,-0.6339950372208437,7.79->11.83->16.12,4.95->6->5.9,2.0693196405648266,1.191919191919192,7.526327125497535,4.215447781671599
rollout_reward/component/RewardMathVerify/mean,300,300,0.12171875,0.07734375,0.18484375,0.09375,0.251875,0.0921875,0.18614583333333334,0.08776041666666666,0.36600496277915634,-0.6339950372208437,0.1217->0.1848->0.2519,0.07734->0.09375->0.09219,2.0693196405648266,1.191919191919192,0.11759886133589899,0.06586637158861873
rollout_reward/group_zero_std_frac/mean,300,300,0.6325,0.71625,0.5275,0.7075,0.4925,0.6975,0.5508333333333333,0.7070833333333333,1.4162436548223352,0.2939068100358423,0.6325->0.5275->0.4925,0.7163->0.7075->0.6975,0.7786561264822135,0.9738219895287957,0.16471566410029131,0.1697240407249368
timing/step/blocking_generator_pull_model_state_dict/mean,300,300,8.578833658248186e-06,9.560545440763236e-06,8.678010490257293e-06,8.454996695945738e-06,1.1755770683521405e-05,1.0903601651079953e-05,9.670871610675628e-06,9.639714595929642e-06,0.9275105771129089,-0.07248942288709116,8.579e-06->8.678e-06->1.176e-05,9.561e-06->8.455e-06->1.09e-05,1.3703227212266471,1.1404790363309543,4.7710882796853186e-06,3.5826143469419383e-06
timing/step/blocking_trainer_push_model_state_dict/mean,300,300,1.3054985320195556e-05,1.5455240500159562e-05,1.5078970172908156e-05,1.3224901958892588e-05,1.8744521221378817e-05,1.8198968027718366e-05,1.562615890482751e-05,1.5626370162256836e-05,0.9708953252410508,-0.029104674758949182,1.305e-05->1.508e-05->1.874e-05,1.546e-05->1.322e-05->1.82e-05,1.4358132745183383,1.1775273265744701,6.9743367395313995e-06,6.856849610147686e-06
timing/step/forward_backward/mean,300,300,21.954741106033325,36.82006572723389,21.99112078666687,35.88597448348999,23.06066032409668,38.16913652420044,22.335507405598957,36.958392244974775,1.6551623408769662,0.39582965652169017,21.95->21.99->23.06,36.82->35.89->38.17,1.0503726831813762,1.0366395542843563,4.275130837999985,7.001118382110564
timing/step/optim/mean,300,300,0.12150221306830644,0.12871108565479517,0.1007408982887864,0.11022957779467106,0.08958872672170401,0.0973061678186059,0.10394394602626562,0.11208227708935738,1.086142993424554,0.07931091389076617,0.1215->0.1007->0.08959,0.1287->0.1102->0.09731,0.7373423451253417,0.7560045610957111,0.23624895801575974,0.26521162703282614
timing/step/total/mean,300,300,398.9669351196289,601.5546215820312,408.4477526855469,592.7204809570312,387.52315002441406,642.4072802734376,398.31261260986327,612.2274609375,1.6577262035389775,0.39676407487245985,399->408.4->387.5,601.6->592.7->642.4,0.9713164573605995,1.0679118025624468,15.439382046527575,57.666633492458885
timing/step/wait_for_training_batch/mean,300,300,376.8897589111328,564.6048138427734,386.354873046875,556.7233276367188,364.371887512207,604.1397631835938,375.87217315673826,575.1559682210286,1.65803066561592,0.3968748463234707,376.9->386.4->364.4,564.6->556.7->604.1,0.9667863848699657,1.0700223384064695,14.595361815360542,57.03546805261164
timing/weight_sync/generator_pull_model_state_dict,300,300,3.1455690336227415,3.2629240465164187,3.3718107891082765,2.7568281149864196,2.7639831781387327,3.0459090447425843,3.0937876669565836,3.021887068748474,1.1019998489258898,0.09255885926418976,3.146->3.372->2.764,3.263->2.757->3.046,0.8786909931381993,0.9334906364107601,0.30291624351058694,0.6100733467648553
timing/weight_sync/trainer_push_model_state_dict,300,300,0.3759554818272591,0.7090219482779503,0.6970953431725502,0.6372769087553024,0.6923683321475983,0.6927371400594712,0.5884730523824692,0.6796786656975746,1.0005326758818227,0.0005323922892905952,0.376->0.6971->0.6924,0.709->0.6373->0.6927,1.8416231857625154,0.9770320111273972,2.8017695738194317,3.230531061714298
train_batch/num_metric_only_groups,300,300,0.0,0.0,0.0,0.0,0.0,0.0,0.0,0.0,nan,0.0,0->0->0,0->0->0,nan,nan,0.0,0.0
train_batch/num_microbatches,300,300,17.98,17.75,17.74,17.57,18.16,18.15,17.96,17.823333333333334,0.9994493392070484,-0.0005506607929516279,17.98->17.74->18.16,17.75->17.57->18.15,1.0100111234705227,1.0225352112676056,3.254903992439716,3.2074132879939246
train_batch/num_rollout_groups,300,300,8.0,8.0,8.0,8.0,8.0,8.0,8.0,8.0,1.0,0.0,8->8->8,8->8->8,1.0,1.0,0.0,0.0
train_batch/num_training_samples,300,300,64.0,64.0,64.0,64.0,64.0,64.0,64.0,64.0,1.0,0.0,64->64->64,64->64->64,1.0,1.0,0.0,0.0
train_batch/padding_frac,300,300,0.30777679637074473,0.30546242266893386,0.30535364359617234,0.3038033491373062,0.30708946466445924,0.31372876837849617,0.30673996821045874,0.3076648467282454,1.021620096024106,0.021162559456539793,0.3078->0.3054->0.3071,0.3055->0.3038->0.3137,0.9977667851690238,1.0270617434293106,0.049246837741276375,0.047944587283873186
train_batch/policy_age/mean,300,300,0.0,0.0,0.0,0.0,0.0,0.0,0.0,0.0,nan,0.0,0->0->0,0->0->0,nan,nan,0.0,0.0
train_batch/policy_age_max,300,300,0.0,0.0,0.0,0.0,0.0,0.0,0.0,0.0,nan,0.0,0->0->0,0->0->0,nan,nan,0.0,0.0
trainer/entropy/mean,300,300,0.27737379148602487,0.27640907928347586,0.2780176244676113,0.2763636390864849,0.2858153364062309,0.2817091992497444,0.28040225078662234,0.2781606392065684,0.985633601023248,-0.014366398976751986,0.2774->0.278->0.2858,0.2764->0.2764->0.2817,1.0304338231632506,1.019174912705501,0.04923494582592184,0.048423334056844035
trainer/grad_norm/mean,300,300,0.13787353515625,0.11174072265625,0.16140380859375,0.114521484375,0.16935791015625,0.11987548828125,0.15621175130208334,0.11537923177083333,0.7078233793192924,-0.2921766206807076,0.1379->0.1614->0.1694,0.1117->0.1145->0.1199,1.228356913923468,1.0728003670606743,0.04415423016474145,0.04992495501931218
trainer/lr,300,300,9.949999974878665e-07,9.949999974878665e-07,9.999999974752427e-07,9.999999974752427e-07,9.999999974752427e-07,9.999999974752427e-07,9.98333330812784e-07,9.98333330812784e-07,1.0,0.0,9.95e-07->1e-06->1e-06,9.95e-07->1e-06->1e-06,1.0050251256281406,1.0050251256281406,0.0,0.0
trainer/policy_version,300,300,50.5,50.5,150.5,150.5,250.5,250.5,150.5,150.5,1.0,0.0,50.5->150.5->250.5,50.5->150.5->250.5,4.96039603960396,4.96039603960396,28.86607004772212,28.86607004772212
training_sample_builder/num_training_samples/sum,300,300,64.0,64.0,64.0,64.0,64.0,64.0,64.0,64.0,1.0,0.0,64->64->64,64->64->64,1.0,1.0,0.0,0.0
